{
  "rules": {
    "class-name": true,
    "comment-format": [true, "check-space"],
    "curly": true,
    "eofline": true,
    "forin": true,
    "indent": [true, "spaces"],
    "label-position": true,
    "label-undefined": true,
    "max-line-length": [true, 140],
    "no-arg": true,
    "no-bitwise": false,
    "no-console": [true,
      "debug",
      "info"
    ],
    "no-construct": true,
    "no-debugger": false,
    "no-duplicate-key": true,
    "no-duplicate-variable": true,
    "no-empty": false,
    "no-eval": true,
    "no-string-literal": false,
    "no-switch-case-fall-through": true,
    "trailing-comma": true,
    "no-trailing-whitespace": false,
    "no-unused-expression": true,
    "no-unused-variable": false,
    "no-unreachable": true,
    "no-use-before-declare": true,
    "no-var-keyword": false,
    "one-line": [true,
      "check-open-brace",
      "check-catch",
      "check-else",
      "check-whitespace"
    ],
    "quotemark": [true],
    "radix": true,
    "semicolon": [false],
    "object-literal-sort-keys": false,
    "triple-equals": [true, "allow-null-check"],
    "variable-name": false,
    "whitespace": [true,
      "check-branch",
      "check-decl",
      "check-operator",
      "check-separator",
      "check-type"
    ]
  }
}
